_id,chr,pos,pos_cm
AX-76388168,28,6695,0.0657855
AX-80892655,28,8043,0.079031
AX-76389037,28,8681,0.0853001
AX-76372181,28,14093,0.138479
AX-76373350,28,16582,0.162936
AX-76376152,28,22598,0.222049
AX-76376551,28,23501,0.230922
AX-76377051,28,24531,0.241043
AX-76377623,28,25659,0.252127
AX-76378083,28,26652,0.261884
AX-76378479,28,27402,0.269254
AX-76378567,28,27668,0.271868
AX-76379046,28,28735,0.282352
AX-76379351,28,29335,0.288248
AX-80904401,28,98787,0.970687
AX-76370933,28,102268,1.00489
AX-76370948,28,102544,1.0076
AX-76371209,28,108674,1.06784
AX-76371462,28,114694,1.12699
AX-76371686,28,121207,1.19099
AX-76371937,28,127258,1.25045
AX-76372127,28,133606,1.31282
AX-76372158,28,139935,1.37501
AX-76372239,28,142963,1.40476
AX-76372510,28,148798,1.4621
AX-76372738,28,153646,1.50974
AX-76373070,28,160077,1.57293
AX-76373478,28,168724,1.65789
AX-76373581,28,170832,1.67861
AX-76373822,28,176082,1.73019
AX-76374103,28,181732,1.78571
AX-76374359,28,187089,1.83835
AX-76374670,28,193140,1.89781
AX-76374950,28,199355,1.95887
AX-76375353,28,207035,2.03434
AX-80959939,28,212915,2.09212
AX-76375863,28,219078,2.15267
AX-80803241,28,224806,2.20896
AX-76376397,28,231031,2.27013
AX-76376630,28,237091,2.32967
AX-76376895,28,242276,2.38062
AX-76377187,28,247517,2.43212
AX-80926362,28,252835,2.48437
AX-76377753,28,259118,2.54611
AX-76378056,28,265929,2.61304
AX-76378349,28,271979,2.67248
AX-76378620,28,278443,2.736
AX-76378931,28,284914,2.79958
AX-76379202,28,290782,2.85724
AX-76379540,28,297746,2.92567
AX-76379720,28,302780,2.97514
AX-76379770,28,303916,2.9863
AX-76379919,28,307045,3.01704
AX-76380217,28,313675,3.08219
AX-76380515,28,321342,3.15753
AX-76380544,28,326636,3.20955
AX-76380577,28,332022,3.26247
AX-76380624,28,337051,3.31188
AX-80835249,28,342902,3.36938
AX-76381088,28,348234,3.42177
AX-76381286,28,353083,3.46942
AX-76381592,28,358771,3.52531
AX-76382133,28,367970,3.6157
AX-76382450,28,374508,3.67994
AX-76382738,28,380833,3.74209
AX-76382986,28,387657,3.80914
AX-76383196,28,393797,3.86947
AX-76383512,28,399995,3.93038
AX-76383837,28,406731,3.99656
AX-76384186,28,413010,4.05826
AX-76384645,28,421548,4.14216
AX-76384962,28,427318,4.19885
AX-76385276,28,433559,4.26018
AX-76385607,28,440114,4.32459
AX-76385877,28,446346,4.38582
AX-76386087,28,451223,4.43375
AX-76386407,28,459286,4.51297
AX-76386565,28,463766,4.55699
AX-76386759,28,469396,4.61232
AX-76386981,28,477110,4.68811
AX-80943205,28,482018,4.73634
AX-76387357,28,488382,4.79887
AX-76387435,28,494736,4.86131
AX-76387456,28,499777,4.91084
AX-76387474,28,505388,4.96597
AX-76387491,28,510351,5.01474
AX-76387513,28,515144,5.06184
AX-76387541,28,520962,5.11901
AX-80853795,28,526052,5.16902
AX-80804926,28,532828,5.2356
AX-76387612,28,535473,5.26159
AX-76387648,28,543036,5.33591
AX-76387670,28,549445,5.39888
AX-76387690,28,554652,5.45005
AX-76387711,28,559924,5.50185
AX-76387739,28,567649,5.57776
AX-76387769,28,573374,5.63401
AX-76387805,28,579938,5.69851
AX-76387823,28,585220,5.75041
AX-76387854,28,591167,5.80884
AX-76387878,28,597454,5.87062
AX-76387898,28,602495,5.92015
AX-76387920,28,608578,5.97993
AX-76387938,28,615086,6.04387
AX-76387958,28,620957,6.10156
AX-76387981,28,627519,6.16604
AX-76387997,28,633403,6.22386
AX-76388028,28,638500,6.27394
AX-76388059,28,645487,6.3426
AX-76388087,28,650918,6.39596
AX-76388109,28,656981,6.45554
AX-76388135,28,662889,6.51359
AX-76388164,28,669010,6.57374
AX-76388187,28,674261,6.62533
AX-76388216,28,680817,6.68975
AX-76388248,28,687381,6.75425
AX-76388277,28,692851,6.808
AX-76388301,28,699282,6.87119
AX-76388325,28,704973,6.92711
AX-76388355,28,711352,6.98979
AX-76388374,28,716773,7.04306
AX-76388411,28,724263,7.11665
AX-76388451,28,730454,7.17749
AX-76388477,28,737048,7.24228
AX-76388513,28,743073,7.30148
AX-76388547,28,749754,7.36713
AX-76388576,28,756112,7.4296
AX-76388618,28,763329,7.50052
AX-76388644,28,768969,7.55594
AX-76388671,28,774458,7.60987
AX-76388698,28,778791,7.65245
AX-76388734,28,786774,7.73089
AX-76388758,28,794871,7.81045
AX-76388778,28,798705,7.84813
AX-76388808,28,805125,7.91121
AX-76388834,28,811184,7.97075
AX-76388854,28,816920,8.02711
AX-76388878,28,823750,8.09422
AX-76388914,28,830953,8.165
AX-76388946,28,837672,8.23102
AX-76388973,28,844742,8.30049
AX-76388992,28,850444,8.35652
AX-76389008,28,856218,8.41325
AX-76389021,28,861932,8.4694
AX-76389035,28,867010,8.5193
AX-76389054,28,873865,8.58665
AX-76389086,28,880462,8.65148
AX-76389108,28,885718,8.70312
AX-76389135,28,892035,8.76519
AX-76389160,28,896518,8.80924
AX-80804323,28,902229,8.86536
AX-76389214,28,909804,8.93979
AX-76389235,28,914593,8.98685
AX-76389259,28,919534,9.0354
AX-76389282,28,925462,9.09365
AX-80801718,28,930259,9.14078
AX-76389330,28,936338,9.20052
AX-76389353,28,942569,9.26174
AX-76389377,28,948882,9.32378
AX-76389390,28,951993,9.35434
AX-76389445,28,965291,9.48501
AX-76389452,28,966469,9.49659
AX-76389481,28,971028,9.54138
AX-76389502,28,976405,9.59422
AX-76389532,28,984287,9.67167
AX-76389560,28,990220,9.72997
AX-76389587,28,998316,9.80952
AX-76370861,28,1006154,9.88653
AX-76370874,28,1009385,9.91828
AX-80806804,28,1015602,9.97937
AX-76370930,28,1021492,10.0372
AX-76370937,28,1023549,10.0575
AX-76370966,28,1030654,10.1273
AX-76370993,28,1036513,10.1848
AX-76371019,28,1042326,10.242
AX-76371044,28,1048403,10.3017
AX-76371056,28,1053794,10.3546
AX-76371096,28,1061892,10.4342
AX-76371124,28,1067167,10.4861
AX-76371147,28,1073602,10.5493
AX-76371173,28,1079095,10.6033
AX-76371205,28,1086198,10.6731
AX-76371238,28,1091790,10.728
AX-76371266,28,1097743,10.7865
AX-76371280,28,1103920,10.8472
AX-76371304,28,1109102,10.8981
AX-76371332,28,1116649,10.9723
AX-76371358,28,1121068,11.0157
AX-76371397,28,1129017,11.0938
AX-80950287,28,1134861,11.1512
AX-76371436,28,1137879,11.1809
AX-76371450,28,1143344,11.2346
AX-76371461,28,1145724,11.258
AX-80967097,28,1148264,11.2829
AX-76371495,28,1164650,11.4439
AX-76371525,28,1171772,11.5139
AX-76371557,28,1179327,11.5881
AX-76371582,28,1185569,11.6495
AX-76371606,28,1191790,11.7106
AX-76371625,28,1196749,11.7593
AX-80750315,28,1203241,11.8231
AX-80764324,28,1209969,11.8892
AX-76371709,28,1215899,11.9475
AX-80778979,28,1222238,12.0098
AX-76371772,28,1228552,12.0718
AX-76371796,28,1233759,12.123
AX-76371817,28,1241434,12.1984
AX-76371844,28,1247445,12.2575
AX-76371869,28,1253097,12.313
AX-76371896,28,1260200,12.3828
AX-76371909,28,1263190,12.4122
AX-76371938,28,1272207,12.5008
AX-76371959,28,1276361,12.5416
AX-76371986,28,1281939,12.5964
AX-80997181,28,1287520,12.6513
AX-76372037,28,1293296,12.708
AX-76372071,28,1298954,12.7636
AX-76372078,28,1300373,12.7775
AX-76372081,28,1300591,12.7797
AX-76372084,28,1300926,12.783
AX-76372088,28,1301560,12.7892
AX-80795077,28,1301624,12.7898
AX-80867239,28,1304799,12.821
AX-81001385,28,1408243,13.8375
AX-80767368,28,1409831,13.8531
AX-76372189,28,1410298,13.8577
AX-76372194,28,1412476,13.8791
AX-76372200,28,1413728,13.8914
AX-76372217,28,1419774,13.9508
AX-76372227,28,1423544,13.9878
AX-76372231,28,1423922,13.9915
AX-80796111,28,1425626,14.0083
AX-76372238,28,1426192,14.0139
AX-80844704,28,1427616,14.0278
AX-76372245,28,1427751,14.0292
AX-76372250,28,1428497,14.0365
AX-76372255,28,1429581,14.0472
AX-76372285,28,1437578,14.1257
AX-76372312,28,1444284,14.1916
AX-76372334,28,1449719,14.245
AX-76372371,28,1456872,14.3153
AX-76372406,28,1463378,14.3792
AX-76372435,28,1469456,14.439
AX-76372462,28,1475824,14.5015
AX-76372500,28,1481982,14.562
AX-76372533,28,1488731,14.6284
AX-76372564,28,1494919,14.6892
AX-76372595,28,1502276,14.7615
AX-76372624,28,1508553,14.8231
AX-76372646,28,1513601,14.8727
AX-80902170,28,1519615,14.9318
AX-76372694,28,1524061,14.9755
AX-76372723,28,1529498,15.0289
AX-76372752,28,1536438,15.0971
AX-76372776,28,1542893,15.1606
AX-76372802,28,1548423,15.2149
AX-76372833,28,1553903,15.2688
AX-76372865,28,1560705,15.3356
AX-76372902,28,1566880,15.3963
AX-76372927,28,1572589,15.4524
AX-76372972,28,1579480,15.5201
AX-76372999,28,1585014,15.5744
AX-76373045,28,1592206,15.6451
AX-76373071,28,1597532,15.6975
AX-76373105,28,1604245,15.7634
AX-76373130,28,1609529,15.8153
AX-76373162,28,1616022,15.8791
AX-76373195,28,1622196,15.9398
AX-76373233,28,1628187,15.9987
AX-76373254,28,1634049,16.0563
AX-76373287,28,1640252,16.1172
AX-76373322,28,1647468,16.1881
AX-76373344,28,1653953,16.2518
AX-76373366,28,1658992,16.3014
AX-76373393,28,1664860,16.359
AX-76373421,28,1670257,16.4121
AX-76373453,28,1676597,16.4743
AX-76373465,28,1681422,16.5218
AX-76373500,28,1687813,16.5846
AX-76373532,28,1694459,16.6499
AX-76373566,28,1701032,16.7144
AX-76373598,28,1708581,16.7886
AX-76373626,28,1715384,16.8555
AX-76373667,28,1721344,16.914
AX-76373686,28,1725085,16.9508
AX-76373712,28,1731035,17.0093
AX-76373739,28,1736810,17.066
AX-76373770,28,1743810,17.1348
AX-76373789,28,1749175,17.1875
AX-76373811,28,1754154,17.2364
AX-76373836,28,1760095,17.2948
AX-76373864,28,1765818,17.351
AX-76373896,28,1771695,17.4088
AX-76373924,28,1777163,17.4625
AX-76373972,28,1786253,17.5518
AX-76374006,28,1792456,17.6128
AX-76374033,28,1799204,17.6791
AX-76374068,28,1806170,17.7475
AX-76374094,28,1811768,17.8025
AX-76374121,28,1817330,17.8572
AX-76374153,28,1823027,17.9132
AX-76374181,28,1829370,17.9755
AX-76374213,28,1833843,18.0195
AX-80792911,28,1840065,18.0806
AX-76374275,28,1846823,18.147
AX-76374298,28,1851536,18.1933
AX-76374322,28,1856913,18.2461
AX-76374366,28,1865651,18.332
AX-76374395,28,1870713,18.3817
AX-76374399,28,1871024,18.3848
AX-76374430,28,1876742,18.441
AX-76374455,28,1882379,18.4964
AX-76374494,28,1888447,18.556
AX-76374515,28,1895083,18.6212
AX-76374551,28,1901778,18.687
AX-76374585,28,1909514,18.763
AX-76374625,28,1916885,18.8354
AX-76374665,28,1923698,18.9024
AX-76374704,28,1931991,18.9839
AX-76374747,28,1938785,19.0506
AX-76374766,28,1942901,19.0911
AX-76374793,28,1949800,19.1589
AX-76374818,28,1954812,19.2081
AX-76374848,28,1962597,19.2846
AX-80765842,28,1968020,19.3379
AX-76374890,28,1973677,19.3935
AX-76374905,28,1976757,19.4237
AX-76374935,28,1984269,19.4976
AX-76374970,28,1990610,19.5599
AX-80939123,28,1995327,19.6062
AX-76375014,28,2000286,19.6549
AX-76375057,28,2007134,19.7222
AX-76375098,28,2013655,19.7863
AX-76375126,28,2019700,19.8457
AX-76375156,28,2027108,19.9185
AX-76375182,28,2033745,19.9837
AX-80819747,28,2040305,20.0482
AX-76375268,28,2047215,20.1161
AX-76375303,28,2053835,20.1811
AX-76375333,28,2060410,20.2457
AX-76375374,28,2068190,20.3222
AX-76375393,28,2073966,20.3789
AX-76375420,28,2079325,20.4316
AX-76375428,28,2080646,20.4446
AX-76375462,28,2101382,20.6483
AX-80939039,28,2102062,20.655
AX-76375479,28,2106316,20.6968
AX-76375501,28,2110217,20.7351
AX-76375529,28,2118860,20.8201
AX-76375557,28,2123517,20.8658
AX-76375597,28,2130690,20.9363
AX-76375624,28,2135898,20.9875
AX-76375670,28,2143225,21.0595
AX-76375707,28,2148996,21.1162
AX-76375733,28,2155145,21.1766
AX-76375762,28,2161729,21.2413
AX-76375781,28,2165162,21.275
AX-76375802,28,2171449,21.3368
AX-80941313,28,2178402,21.4051
AX-76375860,28,2184260,21.4627
AX-76375884,28,2189755,21.5167
AX-76375905,28,2195209,21.5703
AX-76375931,28,2201301,21.6301
AX-76375965,28,2208992,21.7057
AX-76375994,28,2214556,21.7604
AX-76376023,28,2220591,21.8197
AX-76376054,28,2225698,21.8699
AX-76376090,28,2234257,21.954
AX-76376099,28,2236422,21.9752
AX-76376134,28,2243221,22.042
AX-76376137,28,2246388,22.0732
AX-76376148,28,2252156,22.1298
AX-76376169,28,2259181,22.1989
AX-76376211,28,2266326,22.2691
AX-76376244,28,2271947,22.3243
AX-76376265,28,2276051,22.3646
AX-76376300,28,2282599,22.429
AX-76376333,28,2289337,22.4952
AX-76376371,28,2295612,22.5568
AX-76376384,28,2300254,22.6024
AX-76376413,28,2307478,22.6734
AX-76376438,28,2314336,22.7408
AX-76376464,28,2320624,22.8026
AX-80907358,28,2326097,22.8564
AX-76376514,28,2334021,22.9342
AX-76376539,28,2340041,22.9934
AX-76376562,28,2345776,23.0497
AX-76376586,28,2353155,23.1223
AX-76376614,28,2361205,23.2014
AX-76376644,28,2367508,23.2633
AX-76376680,28,2373837,23.3255
AX-76376709,28,2381066,23.3965
AX-76376736,28,2386159,23.4466
AX-76376750,28,2389540,23.4798
AX-76376788,28,2396442,23.5476
AX-76376820,28,2402640,23.6085
AX-76376836,28,2406836,23.6497
AX-76376889,28,2415556,23.7354
AX-76376920,28,2422057,23.7993
AX-76376951,28,2428442,23.862
AX-76376985,28,2434037,23.917
AX-76377013,28,2440239,23.9779
AX-76377042,28,2446193,24.0364
AX-76377073,28,2451380,24.0874
AX-80961583,28,2456305,24.1358
AX-76377139,28,2461633,24.1882
AX-76377171,28,2466817,24.2391
AX-76377205,28,2472234,24.2923
AX-76377231,28,2478908,24.3579
AX-76377261,28,2485771,24.4253
AX-76377287,28,2492263,24.4891
AX-76377301,28,2494568,24.5118
AX-76377324,28,2501736,24.5822
AX-76377366,28,2508096,24.6447
AX-76377393,28,2513208,24.6949
AX-76377418,28,2519744,24.7592
AX-76377434,28,2525387,24.8146
AX-76377471,28,2533094,24.8903
AX-76377487,28,2536692,24.9257
AX-76377517,28,2542115,24.979
AX-76377555,28,2548253,25.0393
AX-76377588,28,2554515,25.1008
AX-76377627,28,2560203,25.1567
AX-76377653,28,2565899,25.2127
AX-80965775,28,2572211,25.2747
AX-76377721,28,2578322,25.3348
AX-76377749,28,2583789,25.3885
AX-76377779,28,2590542,25.4548
AX-76377812,28,2596082,25.5093
AX-76377843,28,2602109,25.5685
AX-76377873,28,2608328,25.6296
AX-76377890,28,2614063,25.686
AX-76377924,28,2620219,25.7464
AX-76377959,28,2627007,25.8131
AX-76377988,28,2636091,25.9024
AX-76378008,28,2642183,25.9623
AX-76378027,28,2646582,26.0055
AX-76378047,28,2651648,26.0553
AX-76378077,28,2657450,26.1123
AX-76378102,28,2664229,26.1789
AX-76378139,28,2671011,26.2455
AX-76378175,28,2677346,26.3078
AX-80926938,28,2684559,26.3786
AX-76378220,28,2691026,26.4422
AX-76378240,28,2695511,26.4863
AX-76378268,28,2700462,26.5349
AX-76378296,28,2705991,26.5892
AX-80890370,28,2711311,26.6415
AX-76378371,28,2716659,26.6941
AX-76378395,28,2722258,26.7491
AX-76378434,28,2728210,26.8076
AX-76378482,28,2735252,26.8768
AX-76378516,28,2741439,26.9376
AX-76378542,28,2747688,26.999
AX-76378548,28,2749478,27.0165
AX-76378555,28,2751239,27.0339
AX-76378584,28,2771145,27.2294
AX-76378612,28,2776795,27.285
AX-76378643,28,2782479,27.3408
AX-76378671,28,2788061,27.3957
AX-76378695,28,2794152,27.4555
AX-76378719,28,2798492,27.4982
AX-80830070,28,2804853,27.5607
AX-76378763,28,2809142,27.6028
AX-76378795,28,2815148,27.6618
AX-76378835,28,2821473,27.724
AX-76378866,28,2828507,27.7931
AX-76378888,28,2833124,27.8385
AX-76378930,28,2842205,27.9277
AX-76378949,28,2846654,27.9714
AX-76378980,28,2852616,28.03
AX-76379009,28,2858177,28.0846
AX-76379039,28,2864875,28.1504
AX-80992863,28,2870724,28.2079
AX-76379089,28,2877188,28.2714
AX-76379115,28,2883269,28.3312
AX-76379145,28,2889731,28.3947
AX-76379171,28,2895557,28.4519
AX-76379211,28,2903520,28.5302
AX-76379262,28,2911044,28.6041
AX-76379304,28,2918694,28.6793
AX-76379335,28,2924182,28.7332
AX-76379374,28,2930694,28.7972
AX-76379411,28,2936190,28.8512
AX-76379443,28,2942241,28.9106
AX-76379458,28,2946079,28.9484
AX-76379460,28,2946387,28.9514
AX-76379529,28,2968569,29.1693
AX-76379532,28,2969011,29.1737
AX-76379549,28,2972928,29.2122
AX-76379569,28,2977324,29.2554
AX-76379590,28,2987910,29.3594
AX-76379605,28,2992542,29.4049
AX-76379638,28,3000187,29.48
AX-76379661,28,3005717,29.5344
AX-76379680,28,3010303,29.5794
AX-76379704,28,3018085,29.6559
AX-76379739,28,3024693,29.7208
AX-76379759,28,3028934,29.7625
AX-76379785,28,3036599,29.8378
AX-76379810,28,3042090,29.8918
AX-76379832,28,3048027,29.9501
AX-76379869,28,3055603,30.0246
AX-76379906,28,3062116,30.0885
AX-76379929,28,3066650,30.1331
AX-76379953,28,3073251,30.198
AX-76379982,28,3078696,30.2515
AX-76380012,28,3084369,30.3072
AX-80995782,28,3090898,30.3714
AX-76380074,28,3096312,30.4246
AX-76380097,28,3102587,30.4862
AX-80797126,28,3108956,30.5488
AX-80793780,28,3116632,30.6242
AX-76380175,28,3120983,30.667
AX-76380212,28,3128909,30.7449
AX-76380245,28,3133026,30.7853
AX-76380274,28,3141209,30.8657
AX-76380296,28,3146239,30.9151
AX-76380329,28,3153420,30.9857
AX-76380355,28,3157672,31.0275
AX-76380384,28,3164927,31.0988
AX-76380410,28,3171357,31.162
AX-76380431,28,3177439,31.2217
AX-76380452,28,3182619,31.2726
AX-76380458,28,3184111,31.2873
AX-76380467,28,3184953,31.2956
AX-80778641,28,3201354,31.4567
AX-76380616,28,3208684,31.5287
AX-76380619,28,3209173,31.5335
AX-76380640,28,3232002,31.7579
AX-76380641,28,3232178,31.7596
AX-76380675,28,3238286,31.8196
AX-76380714,28,3244949,31.8851
AX-76380745,28,3251417,31.9486
AX-76380761,28,3255439,31.9882
AX-76380767,28,3264318,32.0754
AX-76380805,28,3270254,32.1337
AX-76380828,28,3275618,32.1864
AX-76380864,28,3281410,32.2433
AX-76380907,28,3289463,32.3225
AX-76380935,28,3294829,32.3752
AX-80960116,28,3303945,32.4648
AX-76381008,28,3309401,32.5184
AX-76381033,28,3315265,32.576
AX-76381058,28,3319953,32.6221
AX-76381077,28,3324510,32.6668
AX-76381103,28,3331350,32.7341
AX-76381129,28,3337496,32.7944
AX-76381161,28,3344988,32.8681
AX-76381197,28,3352794,32.9448
AX-76381221,28,3359249,33.0082
AX-76381246,28,3365097,33.0657
AX-76381274,28,3370778,33.1215
AX-76381302,28,3376626,33.1789
AX-80969621,28,3383409,33.2456
AX-76381349,28,3388322,33.2939
AX-76381382,28,3395091,33.3604
AX-76381414,28,3401578,33.4241
AX-76381444,28,3408259,33.4898
AX-80961453,28,3412700,33.5334
AX-76381513,28,3419635,33.6016
AX-76381552,28,3426973,33.6737
AX-76381593,28,3433184,33.7347
AX-80990145,28,3438737,33.7892
AX-76381670,28,3444471,33.8456
AX-80993627,28,3451126,33.911
AX-76381755,28,3457305,33.9717
AX-76381795,28,3464445,34.0419
AX-76381819,28,3469849,34.095
AX-76381857,28,3476013,34.1555
AX-76381897,28,3483997,34.234
AX-76381925,28,3490939,34.3022
AX-76381962,28,3496269,34.3546
AX-80991108,28,3501472,34.4057
AX-76382036,28,3506827,34.4583
AX-76382047,28,3509994,34.4894
AX-76382077,28,3516171,34.5501
AX-76382107,28,3522145,34.6088
AX-76382143,28,3526296,34.6496
AX-76382172,28,3531593,34.7017
AX-76382202,28,3537719,34.7619
AX-76382234,28,3542903,34.8128
AX-76382259,28,3547333,34.8563
AX-76382284,28,3554561,34.9273
AX-76382319,28,3560552,34.9862
AX-76382342,28,3563559,35.0158
AX-76382367,28,3569622,35.0753
AX-76382390,28,3575373,35.1318
AX-76382409,28,3581926,35.1962
AX-76382432,28,3586405,35.2402
AX-80970260,28,3592109,35.2963
AX-76382492,28,3598053,35.3547
AX-80826796,28,3602899,35.4023
AX-76382538,28,3607920,35.4517
AX-76382570,28,3612703,35.4987
AX-76382597,28,3618582,35.5564
AX-76382621,28,3623007,35.5999
AX-76382633,28,3629140,35.6602
AX-76382677,28,3637378,35.7411
AX-80889978,28,3638879,35.7559
AX-76382710,28,3642708,35.7935
AX-76382737,28,3653174,35.8963
AX-76382759,28,3659132,35.9549
AX-80776146,28,3668416,36.0461
AX-76382821,28,3674591,36.1068
AX-76382855,28,3681593,36.1756
AX-76382884,28,3686475,36.2235
AX-76382919,28,3692487,36.2826
AX-76382934,28,3695446,36.3117
AX-76382943,28,3698105,36.3378
AX-76382952,28,3699881,36.3553
AX-76382971,28,3718573,36.5389
AX-76383007,28,3727399,36.6257
AX-76383014,28,3729241,36.6438
AX-76383039,28,3733413,36.6848
AX-76383046,28,3734721,36.6976
AX-76383047,28,3734754,36.6979
AX-76383084,28,3757916,36.9255
AX-76383101,28,3762292,36.9685
AX-76383108,28,3763745,36.9828
AX-76383138,28,3770258,37.0468
AX-80920316,28,3775526,37.0986
AX-76383189,28,3781735,37.1596
AX-76383220,28,3788587,37.2269
AX-76383247,28,3793995,37.28
AX-76383267,28,3798255,37.3219
AX-76383309,28,3808033,37.418
AX-76383329,28,3811764,37.4546
AX-76383353,28,3818641,37.5222
AX-80973037,28,3823923,37.5741
AX-76383426,28,3830513,37.6389
AX-76383463,28,3836571,37.6984
AX-76383493,28,3842215,37.7539
AX-76383531,28,3847951,37.8102
AX-76383568,28,3854877,37.8783
AX-76383609,28,3862172,37.9499
AX-76383632,28,3866410,37.9916
AX-76383658,28,3873199,38.0583
AX-76383675,28,3877377,38.0994
AX-76383705,28,3884190,38.1663
AX-76383731,28,3890162,38.225
AX-76383763,28,3897640,38.2985
AX-76383806,28,3905228,38.373
AX-76383807,28,3905256,38.3733
AX-76383869,28,3920549,38.5236
AX-80752270,28,3920828,38.5263
AX-76383902,28,3926640,38.5834
AX-76383944,28,3934267,38.6584
AX-76383965,28,3938647,38.7014
AX-76384002,28,3944532,38.7592
AX-76384024,28,3950130,38.8142
AX-76384055,28,3956967,38.8814
AX-76384097,28,3962838,38.9391
AX-76384145,28,3969185,39.0015
AX-76384181,28,3974684,39.0555
AX-76384213,28,3981362,39.1211
AX-76384241,28,3985605,39.1628
AX-76384287,28,3992489,39.2305
AX-76384315,28,3998914,39.2936
AX-76384345,28,4004029,39.3438
AX-76384371,28,4010688,39.4093
AX-76384402,28,4016269,39.4641
AX-76384438,28,4024540,39.5454
AX-76384479,28,4030676,39.6057
AX-76384502,28,4034573,39.644
AX-76384532,28,4040387,39.7011
AX-76384574,28,4047908,39.775
AX-76384589,28,4050975,39.8051
AX-76384624,28,4055904,39.8536
AX-76384651,28,4061600,39.9095
AX-76384677,28,4066774,39.9604
AX-76384706,28,4073451,40.026
AX-76384736,28,4079339,40.0838
AX-76384783,28,4086926,40.1584
AX-76384812,28,4092825,40.2164
AX-76384856,28,4099004,40.2771
AX-76384879,28,4102885,40.3152
AX-76384917,28,4108869,40.374
AX-76384954,28,4116860,40.4525
AX-76384983,28,4122414,40.5071
AX-76385024,28,4129243,40.5742
AX-76385048,28,4135770,40.6383
AX-76385074,28,4140621,40.686
AX-76385097,28,4145703,40.7359
AX-76385136,28,4153498,40.8125
AX-76385187,28,4161457,40.8907
AX-76385204,28,4164928,40.9248
AX-76385221,28,4168027,40.9553
AX-76385251,28,4174193,41.0159
AX-76385271,28,4179507,41.0681
AX-76385304,28,4185762,41.1296
AX-76385328,28,4191940,41.1903
AX-76385364,28,4198339,41.2531
AX-76385384,28,4203694,41.3058
AX-76385412,28,4209458,41.3624
AX-76385448,28,4215650,41.4232
AX-76385491,28,4221682,41.4825
AX-76385522,28,4227350,41.5382
AX-76385554,28,4233609,41.5997
AX-76385578,28,4239510,41.6577
AX-76385602,28,4244949,41.7111
AX-76385630,28,4250279,41.7635
AX-76385637,28,4252480,41.7851
AX-80832782,28,4260165,41.8607
AX-80830845,28,4265706,41.9151
AX-80860085,28,4271580,41.9728
AX-76385744,28,4278780,42.0436
AX-76385778,28,4286571,42.1201
AX-76385794,28,4291878,42.1723
AX-76385819,28,4296287,42.2156
AX-76385861,28,4303909,42.2905
AX-76385880,28,4309151,42.342
AX-76385913,28,4316608,42.4153
AX-76385934,28,4322385,42.472
AX-76385955,28,4326624,42.5137
AX-76385978,28,4333355,42.5798
AX-76386004,28,4339294,42.6382
AX-76386031,28,4345676,42.7009
AX-76386058,28,4351755,42.7606
AX-76386098,28,4358465,42.8266
AX-76386136,28,4366984,42.9103
AX-76386156,28,4373482,42.9741
AX-76386199,28,4382080,43.0586
AX-76386225,28,4386318,43.1002
AX-76386251,28,4395650,43.1919
AX-76386282,28,4402157,43.2559
AX-76386308,28,4409031,43.3234
AX-80969101,28,4414332,43.3755
AX-76386355,28,4423589,43.4665
AX-76386376,28,4429430,43.5239
AX-76386393,28,4433912,43.5679
AX-76386419,28,4440054,43.6283
AX-76386430,28,4443219,43.6594
AX-76386466,28,4452018,43.7458
AX-76386487,28,4458825,43.8127
AX-76386574,28,4485062,44.0705
AX-76386614,28,4493965,44.158
AX-76386633,28,4500729,44.2245
AX-76386646,28,4503963,44.2562
AX-76386669,28,4510469,44.3202
AX-76386683,28,4515348,44.3681
AX-76386703,28,4519911,44.4129
AX-76386736,28,4530690,44.5188
AX-76386750,28,4537185,44.5827
AX-76386771,28,4543010,44.6399
AX-76386777,28,4545004,44.6595
AX-76386806,28,4552411,44.7323
AX-76386825,28,4556410,44.7716
AX-76386835,28,4560204,44.8089
AX-76386857,28,4569692,44.9021
AX-76386873,28,4575892,44.963
AX-76386892,28,4582823,45.0311
AX-80895312,28,4587569,45.0777
AX-76386924,28,4593183,45.1329
AX-76386939,28,4598859,45.1887
AX-76386941,28,4599202,45.1921
AX-76386948,28,4603934,45.2385
AX-76386960,28,4609128,45.2896
AX-76386964,28,4611417,45.3121
AX-76386970,28,4612894,45.3266
AX-76386976,28,4614694,45.3443
AX-76387009,28,4625562,45.4511
AX-76387029,28,4630624,45.5008
AX-76387058,28,4639465,45.5877
AX-80835262,28,4649828,45.6895
AX-76387126,28,4664710,45.8357
AX-76387138,28,4667680,45.8649
AX-76387150,28,4671528,45.9027
AX-76387173,28,4678458,45.9708
AX-81000869,28,4678479,45.971
AX-76387238,28,4700535,46.1878
AX-76387250,28,4703590,46.2178
AX-76387278,28,4712620,46.3065
AX-76387294,28,4717410,46.3536
AX-76387309,28,4720099,46.38
AX-76387333,28,4725048,46.4286
AX-76387368,28,4730659,46.4838
AX-76387393,28,4736394,46.5401
AX-76387411,28,4741083,46.5862
AX-76387416,28,4742489,46.6
